Unnamed: 0,full_text
0,Lalu ada Gibran Rakabuming Raka menjadi pendamping Prabowo setelah Mahkamah Konstitusi mengabulkan sebagian gugatan uji materi soal batas usia minimal capres dan cawapres pada Senin lalu  Oktober  BersamaPrabowo MenataMasaDepan Prabowo Subianto
1,Gubernur Jawa Timur Khofifah Indar Parawansa Ketua Umum Partai Bulan Bintang PBB Yusril Ihza Mahendra dan putra sulung Presiden Jokowi Gibran Rakabuming Raka BersamaPrabowo MenataMasaDepan Prabowo Subianto
2,Beberapa Bulan Lalu Saat Menko Perekonomian Yang Juga Ketua Umum DPP Partai Golkar Airlangga Hartarto airlanggahrt Didampingi Walikota Solo Gibran Rakabuming Raka Meninjau Solo Technopark  GibranMasukGolkar
3,Dikabarkan Pindah Dari PDIP Masuk ke Partai Golkar Ini Respon Walikota Solo Gibran Rakabuming Raka  GibranMasukGolkar
4,Zita menambahkan selain Erick putra Presiden Joko Widodo Jokowi Gibran Rakabuming Raka juga sudah membuat SKCK BersamaPrabowo MenataMasaDepan Prabowo Subianto
5,Kata Bang Melchias Mekeng Jika Gibran Rakabuming Raka  Ingin Gabung Partai Golkar Dan Jadi Cawapres Prabowo Harus Ikut Mekanisme Partai  GibranMasukGolkar
6,Empat calon yang sering disebutkan adalah Wali Kota Solo Gibran Rakabuming Raka Menteri BUMN Erick Thohir BersamaPrabowo MenataMasaDepan Prabowo Subianto
7,Kelompok relawan pendukung Gibran Rakabuming Raka Bolone Mase mengklaim tidak akan mengubah sikap mendukung Prabowo Subianto BersamaPrabowo MenataMasaDepan Prabowo Subianto
8,Yakni putra sulung Presiden Jokowi dan sekaligus Wali Kota Solo Gibran Rakabuming Raka BersamaPrabowo MenataMasaDepan Prabowo Subianto
9,Pada kesempatan itu Prabowo juga merespons isu Wali Kota Solo Gibran Rakabuming Raka yang merupakan kader PDIP bergabung ke Partai Golkar BersamaPrabowo MenataMasaDepan Prabowo Subianto
10,Pada kesempatan itu Prabowo juga merespons isu Wali Kota Solo Gibran Rakabuming Raka yang merupakan kader PDIP bergabung ke Partai Golkar BersamaPrabowo MenataMasaDepan Prabowo Subianto
11,Gibran Rakabuming Raka Wali Kota Solo tengah diperhatikan dalam perpolitikan Indonesia dipanggil oleh Sekjen PDIP mengundang spekulasi termasuk kemungkinan bergabung dengan Partai Golkar  PartaiPolitik PemiluSerentak Pemilu httpstcozAiYCrIKmq
12,Gibran Rakabuming Raka komunikasi dengan Partai Gerindra setelah perubahan batas usia capres dan cawapres oleh MK Semua ini mencerminkan peran penting Gibran dalam persiapan Pilpres  dan dinamika politik saat ini  PartaiPolitik PemiluSerentak Pemilu httpstcoyapVCIUzur
13,Gibran Rakabuming Raka Wali Kota Solo tengah diperhatikan dalam perpolitikan Indonesia dipanggil oleh Sekjen PDIP mengundang spekulasi termasuk kemungkinan bergabung dengan Partai Golkar  PartaiPolitik PemiluSerentak Pemilu httpstcoXJRWnAeH
14,Memberi kesempatan ke generasi muda   Lembaga Survei Indonesia LSI dikabarkan PRABOWOGIBRAN mendapatkan dukungan terbesar  Generasi muda siap untuk melakukan perubahan   Prabowo Subianto Gibran Rakabuming Raka PDIP Mahfud Kominfo Menkopolhukam Ganjar Jumat Siang MOM SORRY httpstcoOcGdrGkuA
15,Gibran Rakabuming Raka Wali Kota Solo tengah diperhatikan dalam perpolitikan Indonesia dipanggil oleh Sekjen PDIP mengundang spekulasi termasuk kemungkinan bergabung dengan Partai Golkar  PartaiPolitik PemiluSerentak Pemilu httpstcornPGBuPZ
16,Gibran Rakabuming Raka komunikasi dengan Partai Gerindra setelah perubahan batas usia capres dan cawapres oleh MK Semua ini mencerminkan peran penting Gibran dalam persiapan Pilpres  dan dinamika politik saat ini  PartaiPolitik PemiluSerentak Pemilu httpstcoeZEwQrwE
17,Gibran Rakabuming Raka komunikasi dengan Partai Gerindra setelah perubahan batas usia capres dan cawapres oleh MK Semua ini mencerminkan peran penting Gibran dalam persiapan Pilpres  dan dinamika politik saat ini  PartaiPolitik PemiluSerentak Pemilu httpstcoupNBWX
18,Gibran Rakabuming Raka Wali Kota Solo tengah diperhatikan dalam perpolitikan Indonesia dipanggil oleh Sekjen PDIP mengundang spekulasi termasuk kemungkinan bergabung dengan Partai Golkar  PartaiPolitik PemiluSerentak Pemilu httpstcoNiMYazjT
19,Nama putra sulung Jokowi yang juga Wali Kota Solo Gibran Rakabuming Raka juga sempat santer terdengar menjadi salah satu kandidat cawapres Prabowo BersamaPrabowo MenataMasaDepan Prabowo Subianto
20,Sosok dari luar Jawa diyakini adalah Menteri BUMN Erick Thohir sedangkan dari Jawa Tengah ialah Wali Kota Solo Gibran Rakabuming BersamaPrabowo MenataMasaDepan Prabowo Subianto
21,Selain itu ada pula nama putera sulung Presiden Jokowi Gibran Rakabuming dan Gubernur Jawa Timur Khofifah Indar Parawansa BersamaPrabowo MenataMasaDepan Prabowo Subianto
22,Muzani tak menjawab apakah itu berarti cawapres Prabowo merupakan Wali Kota Solo Gibran Rakabuming Raka BersamaPrabowo MenataMasaDepan Prabowo Subianto
23,mapplecrush prabowo Fahri Hamzah Ungkap Keunggulan Gibran Rakabuming Seandainya Dipinang Prabowo Subianto dekade
24,Gibran Rakabuming Raka Wali Kota Solo tengah diperhatikan dalam perpolitikan Indonesia dipanggil oleh Sekjen PDIP mengundang spekulasi dan komunikasi dengan Partai Gerindra setelah perubahan batas usia capres dan cawapres oleh MK PartaiPolitik PemiluSerentak Pemilu  httpstcoDrGduLL
25,Gibran Rakabuming Raka Wali Kota Solo tengah diperhatikan dalam perpolitikan Indonesia dipanggil oleh Sekjen PDIP mengundang spekulasi dan komunikasi dengan Partai Gerindra setelah perubahan batas usia capres dan cawapres oleh MK PartaiPolitik PemiluSerentak Pemilu httpstcoemrOfmiMp
26,yudhpraditia Dua nama yang digadanggadang menjadi cawapres Prabowo Subianto adalah Menteri BUMN Erick Thohir dan Wali Kota Solo Gibran Rakabuming Raka dekade
27,Namun Gerindra dikabarkan sudah berkomunikasi dengan  Wali Kota Solo Gibran Rakabuming Raka usai Putusan MK BersamaPrabowo MenataMasaDepan  Prabowo Subianto
28,Nama Gibran Rakabuming Raka disodorkan oleh PBB untuk menjadi bacawapres pendamping Prabowo BersamaPrabowo MenataMasaDepan Prabowo Subianto
29,yudhpraditia Muzani tak menjawab apakah itu berarti cawapres Prabowo merupakan Wali Kota Solo Gibran Rakabuming Raka dekade
30,Memberi kesempatan ke generasi muda Dari Lembaga Survei Indonesia LSI dikabarkan PRABOWOGIBRAN mendapatkan dukungan terbesar Generasi muda siap untuk melakukan perubahan prabowosubianto  GibranRakabuming  PDIP Mahfud Kominfo Menkopolhukam Ganjar fyp LSI MK HMI httpstcoYqSQQIIPL
31,yudhpraditia Dua nama yang digadanggadang menjadi cawapres Prabowo adalah Menteri BUMN Erick Thohir dan Wali Kota Solo Gibran Rakabuming Raka dekade
32,Memberi kesempatan ke generasi muda   Dari  Lembaga Survei Indonesia LSI dikabarkan PRABOWOGIBRAN mendapatkan dukungan terbesar  Generasi muda siap untuk melakukan perubahan  Prabowo Subianto Gibran Rakabuming Raka  Prabowo Gibran fyp LSI MK HMI httpstcoNJGdYtrhZo
33,Memberi kesempatan ke generasi muda Dari Lembaga Survei Indonesia LSI dikabarkan PRABOWOGIBRAN mendapatkan dukungan terbesar Generasi muda siap untuk melakukan perubahan prabowosubianto  GibranRakabuming  PDIP Mahfud Kominfo Menkopolhukam Ganjar fyp LSI MK HMI httpstcopGCFNIWJ
34,Memberi kesempatan ke generasi muda Dari Lembaga Survei Indonesia LSI dikabarkan PRABOWOGIBRAN mendapatkan dukungan terbesar Generasi muda siap untuk melakukan perubahan prabowosubianto  GibranRakabuming  PDIP Mahfud Kominfo Menkopolhukam Ganjar fyp LSI MK HMI httpstcoWfmwchCfH
35,Gubernur Jawa Timur Khofifah Indar Parawansa Ketua Umum Partai Bulang Bintang PBB Yusril Ihza Mahendra dan putra sulung Presiden Jokowi Gibran Rakabuming Raka BersamaPrabowo MenataMasaDepan Prabowo Subianto
36,yudhpraditia Muzani tak menjawab apakah itu berarti cawapres Prabowo Subianto merupakan Wali Kota Solo Gibran Rakabuming Raka dekade
37,NindaLaras Rakernas Projo rencananya akan dihadiri oleh Jokowi Prabowo dan Gibran Rakabuming Raka dekade
38,Adapun tiga kandidat yang dimaksud adalah Wali Kota Solo Gibran Rakabuming Raka Gubernur Jawa Timur Khofifah Indar Parawansa dan Ketua Umum Partai Golkar Airlangga Hartarto BersamaPrabowo MenataMasaDepan Prabowo Subianto
39,Gibran Rakabuming Raka Wali Kota Solo tengah diperhatikan dalam perpolitikan Indonesia dipanggil oleh Sekjen PDIP mengundang spekulasi dan komunikasi dengan Partai Gerindra setelah perubahan batas usia capres dan cawapres oleh MK  PartaiPolitik PemiluSerentak Pemilu httpstcoxfsYDnhyD
40,Jakarta  Wali Kota Solo Gibran Rakabuming Raka memberikan respons terhadap santernya kabar Menteri Badan Usaha Milik Negara BUMN Erick Thohir akan menjadi pendamping calon presiden Prabowo Subianto BersamaPrabowo MenataMasaDepan Prabowo Subianto
41,NindaLaras Ketua Harian Partai Gerindra Sufmi Dasco menyebut tidak hanya Wali Kota Solo Gibran Rakabuming Raka yang masuk bursa calon wakil presiden cawapres Prabowo Subianto dekade
42,Gibran Rakabuming Raka Wali Kota Solo tengah diperhatikan dalam perpolitikan Indonesia dipanggil oleh Sekjen PDIP mengundang spekulasi termasuk kemungkinan bergabung dengan Partai Golkar amp  Partai Gerindra PartaiPolitik PemiluSerentak Pemilu httpstcohJhxkki
43,PROGRAMING PrabowoGibran Rakabuming   BismillahKomisaris
44,Namun demikian ada pula sosok lain yang mengemuka yaitu Wali Kota Solo Gibran Rakabuming Raka dan Ketua Umum PBB Yusril Ihza Mahendra BersamaPrabowo MenataMasaDepan Prabowo Subianto
45,yudhpraditia Rakernas Projo rencananya akan dihadiri oleh Jokowi Prabowo dan Gibran Rakabuming Raka dekade
46,Memberi kesempatan ke generasi muda  Lembaga Survei Indonesia LSI dikabarkan PRABOWOGIBRAN mendapatkan dukungan terbesar  Generasi muda siap untuk melakukan perubahan  Prabowo Subianto Gibran Rakabuming Raka Kominfo MOM SORRY Prabowo Gibran fyp LSI MK HMI httpstcoFekuN
47,Koalisi Indonesia Maju atau KIM buka suara ihwal kans Wali Kota Solo Gibran Rakabuming Raka menjadi bakal cawapres Prabowo Subianto KIM meliputi Gerindra Golkar Demokrat PBB Gelora dan Prima BersamaPrabowo MenataMasaDepan Prabowo Subianto
48,Gibran Rakabuming Raka Wali Kota Solo tengah diperhatikan dalam perpolitikan Indonesia  PartaiPolitik PemiluSerentak Pemilu httpstcoDZBRvqK
49,Gibran Rakabuming Raka Wali Kota Solo tengah diperhatikan dalam perpolitikan Indonesia  PartaiPolitik PemiluSerentak Pemilu httpstcoSZMAqfzD
50,Gibran Rakabuming Raka Wali Kota Solo tengah diperhatikan dalam perpolitikan Indonesia dipanggil oleh Sekjen PDIP mengundang spekulasi PartaiPolitik PemiluSerentak Pemilu httpstcofaZmcoLeT
51,Gibran Rakabuming Raka Wali Kota Solo tengah diperhatikan dalam perpolitikan Indonesia dipanggil oleh Sekjen PDIP mengundang spekulasi PartaiPolitik PemiluSerentak Pemilu httpstcoUHcNSCpba
52,Gibran Rakabuming Raka Wali Kota Solo tengah diperhatikan dalam perpolitikan Indonesia dipanggil oleh Sekjen PDIP mengundang spekulasi PartaiPolitik PemiluSerentak Pemilu httpstcoCCoONtHPl
53,Gibran Rakabuming Raka Wali Kota Solo tengah diperhatikan dalam perpolitikan Indonesia dipanggil oleh Sekjen PDIP mengundang spekulasi PartaiPolitik PemiluSerentak Pemilu httpstcoLUFQlSbcM
54,Nama Gibran Rakabuming Raka disodorkan oleh PBB untuk menjadi bacawapres pendamping Prabowo BersamaPrabowo MenataMasaDepan Prabowo Subianto
55,Gibran Rakabuming Raka Wali Kota Solo tengah diperhatikan dalam perpolitikan Indonesia dipanggil oleh Sekjen PDIP mengundang spekulasi PartaiPolitik PemiluSerentak Pemilu httpstcoGixsosRrX
56,seperti Gibran Rakabuming Raka Erick Thohir Yusril Ihza Mahendra hingga Khofifah Indar Parawansa BersamaPrabowo MenataMasaDepan Prabowo
57,Perkembangan Politik dan Keputusan Gibran Rakabuming Raka  PartaiPolitik PemiluSerentak Pemilu httpstcolIPasvQzrC
58,NindaLaras Prabowo pun enggan menjawab ketika ditanya apakah putra Presiden Jokowi Gibran Rakabuming akan menjadi cawapres pendampingnya dekade
59,Yakni putra sulung Presiden Jokowi dan sekaligus Wali Kota Solo Gibran Rakabuming Raka BersamaPrabowo MenataMasaDepan Prabowo Subianto
60,Ratusan millenial Kawan Gibran Aceh Tenggara mengadakan doa bersama dan deklarasi dukungan kepada Gibran Rakabuming Raka sebagai Cawapres pada Pemilu  sebagai representatif dari kelompok pemuda Aceh Tenggara  GibranCawapres Mnet renjun ADA SERATUS chanbaek Mendung Jumat httpstcoYDTFLHCR
61,Gibran Rakabuming Raka Wali Kota Solo tengah diperhatikan dalam perpolitikan Indonesia Semua ini mencerminkan peran penting Gibran dalam persiapan Pilpres  dan dinamika politik saat ini  PartaiPolitik PemiluSerentak Pemilu httpstcoTQGCQjWp
62,Dukungan agar Walikota Solo yakni Gibran Rakabuming Raka maju mendampingi Prabowo Subianto datang dari partai pengusung yakni Ketua Partai Gelora Anis Matta httpstcoiykrtZAyD
63,Gibran Rakabuming Raka Wali Kota Solo tengah diperhatikan dalam perpolitikan Indonesia Semua ini mencerminkan peran penting Gibran dalam persiapan Pilpres  dan dinamika politik saat ini  PartaiPolitik PemiluSerentak Pemilu httpstcoLkgABVnW
64,Gibran Rakabuming Raka Wali Kota Solo tengah diperhatikan dalam perpolitikan Indonesia Semua ini mencerminkan peran penting Gibran dalam persiapan Pilpres  dan dinamika politik saat ini  PartaiPolitik PemiluSerentak Pemilu httpstcoFmueHtny
65,Gibran Rakabuming Raka Wali Kota Solo tengah diperhatikan dalam perpolitikan Indonesia Semua ini mencerminkan peran penting Gibran dalam persiapan Pilpres  dan dinamika politik saat ini  PartaiPolitik PemiluSerentak Pemilu httpstcoLjyfoDtCO
66,Gibran Rakabuming Raka Wali Kota Solo tengah diperhatikan dalam perpolitikan Indonesia Semua ini mencerminkan peran penting Gibran dalam persiapan Pilpres  dan dinamika politik saat ini  PartaiPolitik PemiluSerentak Pemilu httpstcoUTUMUFA
67,httpstcouUxWhEBc Jakarta  Wali Kota Solo Gibran Rakabuming Raka semakin santer dikabarkan bakal bergabung ke Partai Golongan Karya jelang Pilpres   Selengkapnya  httpstcozQQqiRfRt  Gibran Golkar AMPI Pilpres Politik WahanaNews GibranMasukGolkar httpstcomOMHaLt
68,Isu putra sulung Presiden Joko Widodo yang juga Wali Kota Surakarta Gibran Rakabuming Raka masuk ke Partai Golkar semakin ramai diperbincangkan Ketua Umum Partai Golkar Airlangga Hartarto mengatakan sudah ada komunikasi Dirinya minta masyarakat menunggu Ehmm ada komentar httpstcozxUywzAV
69,Wkwkwkwkwk 
70,Gibran Rakabuming Raka Wali Kota Solo tengah diperhatikan dalam perpolitikan Indonesia dipanggil oleh Sekjen PDIP mengundang spekulasi dan komunikasi dengan Partai Gerindra setelah perubahan batas usia capres dan cawapres oleh MK  PartaiPolitik PemiluSerentak Pemilu httpstcoBqFojKWDV
71,Nama Gibran Rakabuming Raka semakin santer aja nih disebut sebagai calon wakil presiden pendamping  Subianto setelah MK mengabulkan sebagian gugatan uji materi soal batas bawah usia capres dan cawapres pada Senin kemarin wow  GibranMasukGolkar httpstcoVUQoGJSm
72,Sinyal Gibran Rakabuming Raka akan bergabung ke Golkar itu sebelumnya dihembuskan oleh Ketua Dewan Pakar Partai Golkar HR Agung Laksono
73,Muncul pula skenario Gibran Rakabuming bakal bergabung ke Partai Golkar sebelum diusung mendampingi Prabowo Subianto httpstcoIitQdJS
74,Perkembangan Politik dan Keputusan Gibran Rakabuming Raka  PartaiPolitik PemiluSerentak Pemilu httpstcobfdygY
75,dibawah  tahun dapat menjadi Presiden RI asalkan individu dimaksud yang diilustrasikan mayoritas publik sebagai personal subjek hukum yang identitas jatidirinya sebagai Gibran Rakabuming Raka Bin Joko Widodo  Lalu pertimbangan lainnya MK adalah  melihat batas usia tidak
76,Mereka membuat rangkaian putusan yang seolah menjunjung konstitusi UUD   Padahal mereka merekayasa kepurapuraan yang tujuannya hanya satu  Yakni untuk membuka jalan bagi Gibran Rakabuming Raka ikut pilpres  httpstcorEYdMvz
77,Hmmm kenceng nih kabar Wali Kota Solo Gibran Rakabuming Raka diisukan bakal pindah partai dari PDIP ke Partai Golkar GibranMasukGolkar Menurut ketum Partai Golkar Airlangga Hartarto Gibran memang cocok untuk bergabung bersama partainya   httpstcohqfjvmEIqG
78,Gibran Rakabuming Raka Wali Kota Solo tengah diperhatikan dalam perpolitikan Indonesia dipanggil oleh Sekjen PDIP mengundang spekulasi termasuk kemungkinan bergabung dengan Partai Golkar dan komunikasi dengan Partai Gerindra  PartaiPolitik PemiluSerentak Pemilu httpstcoyufjSaAZd
79,Gibran Rakabuming Raka Wali Kota Solo tengah diperhatikan dalam perpolitikan Indonesia dipanggil oleh Sekjen PDIP mengundang spekulasi termasuk kemungkinan bergabung PartaiPolitik PemiluSerentak Pemilu httpstcoIUithcocvh
80,Perkembangan Politik dan Keputusan Gibran Rakabuming Raka PartaiPolitik PemiluSerentak Pemilu httpstcoOnncRaQaEQ
81,Sekjen Partai Gerindra Ahmad Muzani membocorkan ciriciri bakal calon wakil presiden pendamping Prabowo Subianto lewat dua buah pantun  Apakah pantun ini mengarah ke Gibran Rakabuming Raka  Video Editor Naufal Fatahilah httpstcopuespbdq
82,Gibran Rakabuming Raka Wali Kota Solo tengah diperhatikan dalam perpolitikan Indonesia dipanggil oleh Sekjen PDIP mengundang spekulasi PemiluSerentak Pemilu httpstcoGkAWXOmFfj
83,Disisi lain Wali Kota Solo Gibran Rakabuming Raka ditawari gabung Tim Pemenangan Nasional Ganjar Presiden TPNGP
84,Hingga hari pertama pendaftaran calon presiden dan wakil presiden pada Kamis  Oktober  belum ada permohonan SKCK di Polda Jawa Tengah atas nama Gibran Rakabuming Raka httpstcoKmListLr
85,Heraloebss indahtamara Gibran Rakabuming Raka memutuskan untuk berpolitik dengan GibranMasukGOLKAR
86,Hehe hulk
87,mapplecrush prabowo Dua nama yang digadanggadang menjadi cawapres Prabowo Subianto adalah Menteri BUMN Erick Thohir dan Wali Kota Solo Gibran Rakabuming Raka dekade
88,HR Agung Laksono memberi sinyal soal bergabungnya Gibran Rakabuming Raka ke partainya Apakah ini benar benar terjadi GibranMasukGolkar  httpstcoKtdVAR
89,mapplecrush prabowo Muzani tak menjawab apakah itu berarti cawapres Prabowo merupakan Wali Kota Solo Gibran Rakabuming Raka dekade
90,mapplecrush prabowo Dua nama yang digadanggadang menjadi cawapres Prabowo adalah Menteri BUMN Erick Thohir dan Wali Kota Solo Gibran Rakabuming Raka dekade
91,mapplecrush prabowo Muzani tak menjawab apakah itu berarti cawapres Prabowo Subianto merupakan Wali Kota Solo Gibran Rakabuming Raka dekade
92,Wali Kota Solo Gibran Rakabuming Raka sempat diisukan bakal pindah partai dari PDIP ke Partai Golkar Isu yang awalnya disebut hoaks atau beneran nih GibranMasukGolkar  httpstcomqWRpPWBD
93,Ketua Dewan Pakar Partai Golkar HR Agung Laksono memberi sinyal soal bergabungnya Gibran Rakabuming Raka ke partainya Apakah ini benar benar terjadi GibranMasukGolkar  httpstcoCgZjbEaCIr
94,Ini Kata Polda Jateng soal Isu Gibran Rakabuming Raka Bikin SKCK httpstcoDsuCqQW
95,BeritaPemiluMetroTV Ditemui di Surakarta Gibran Rakabuming Raka menanggapi dengan santai soal isu yang menyebut dirinya akan bergabung dengan Partai Golkar Gibran mengaku dirinya cocok memakai baju berwarna apa pun  Streaming httpstcokqDGSQVr httpstcoianAUBAK
96,VIDEO Dirumorkan Gabung Golkar Ini Kata Gibran Rakabuming httpstcovnGGEpWL
97,Apalagi jika nanti Prabowo Subianto terpilih tapi tak bisa melanjutkan kepemimpinan karena usia Gibran Rakabuming akan langsung menjadi presiden tak harus menunggu Pemilu  httpstcokYjUMzdRK
98,Tak kurang akal Jokowi punya PSI Adik Gibran Rakabuming Kaesang Pangarep kini jadi Ketum PSI Partai ini menggugat UU Pemilu soal batas usia tersebut ke Mahkamah Konstitusi
99,Prabowo juga meyakini Gibran menjadi titik temu partaipartai di Koalisi Indonesia Maju  Sayangnya Gibran Rakabuming terhalang UU Pemilu yang menetapkan batas usia minimal cawapres  tahun Gibran baru  tahun httpstcogwzFibFJ
100,Cawecawe Presiden Jokowi dalam pilpres  sudah terlalu jauh  Tak hanya mengarahkan dukungan kepada salah satu kandidat ia juga ditengarai menyorongkan anaknya Gibran Rakabuming Raka sebagai cawapres  TempoThread httpstcoixjsDAZrm
101,Menurut informasi yang kami dapatkan Ketua Harian DPP Partai Gerindra Sufmi Dasco Ahmad bertemu dengan Wali Kota Solo Gibran Rakabuming Raka Keduanya diduga bertemu dalam satu acara di Kulonnuwun Kopi Solo Jawa Tengah Jumat   Opening ceremony akan dilakukan httpstcozLpKzuiLB
102,mapplecrush prabowo Rakernas Projo rencananya akan dihadiri oleh Jokowi Prabowo dan Gibran Rakabuming Raka dekade
103,Misalnya jika menggandeng Wali Kota Solo yang merupakan Putra Presiden Jokowi Gibran Rakabuming Raka   BersamaPrabowo MenataMasaDepan Prabowo Subianto
104,Belum jelas sih kebenarannya beritanya  soal Gibran Rakabuming gabung Golkar  Kembali itu hak pilihan sebagai warga negara httpstcomPmWdPNrgq GibranMasukGolkar
105,Beredar berita kalau mas Gibran Rakabuming ini masuk ke Golkar  kalian udah tau belum nih  yuk cek infonya disini httpstcoBisnXJcqzt  GibranMasukGolkar
106,Kabar Gibran Rakabuming gabung Golkar  sudah valid atau belum atau hanya sekedar isu kita lihat kedepan seperti apa  GibranMasukGolkar httpstcouSOZMfXlZ
107,Jalan Gatot Subroto di Kota Solo banjir pujian setelah berhasil dibenahi oleh Mas Gibran Rakabuming selanjutnya jalan ini akan menjadi wadah bagi para seniman dan pegiat usaha kecil  GibranCawapres Indigo Gempa renjun httpstcorgeiYfRqr
108,Heraloebss KurniaCute GibranMasukGOLKAR menandai langkah politik yang ambisius dalam perjalanan Gibran Rakabuming Raka
