Questions,Jawaban
Apa yang dimaksud dengan gangguan kecemasan?,penyakit mental adalah kondisi kesehatan yang mengganggu pikiran emosi hubungan dan fungsi seseorang mereka dikaitkan dengan kesusahan dan berkurangnya kapasitas untuk terlibat dalam kegiatan kehidupan sehari hari yang biasa penyakit mental jatuh di sepanjang rangkaian keparahan beberapa cukup ringan dan hanya mengganggu beberapa aspek kehidupan seperti fobia tertentu di ujung lain spektrum terletak penyakit mental yang serius yang mengakibatkan gangguan fungsional utama dan gangguan dengan kehidupan sehari hari ini termasuk gangguan seperti depresi berat skizofrenia dan gangguan bipolar dan mungkin mengharuskan orang tersebut menerima perawatan di rumah sakit penting untuk mengetahui bahwa penyakit mental adalah kondisi medis yang tidak ada hubungannya dengan karakter kecerdasan atau kemauan seseorang sama seperti diabetes adalah kelainan pankreas penyakit mental adalah kondisi medis karena biologi otak demikian pula dengan bagaimana seseorang akan mengobati diabetes dengan obat obatan dan insulin penyakit mental dapat diobati dengan kombinasi obat dan dukungan sosial perawatan ini sangat efektif dengan     persen orang yang menerima pengobatan mengalami pengurangan gejala dan peningkatan kualitas hidup dengan perawatan yang tepat sangat mungkin bagi orang dengan penyakit mental untuk mandiri dan sukses 
Bagaimana cara mengenali tanda-tanda depresi?,gejala gangguan kesehatan mental bervariasi tergantung pada jenis dan tingkat keparahan kondisi tersebut berikut ini adalah daftar gejala umum yang mungkin menunjukkan gangguan kesehatan mental terutama ketika gejala berganda diekspresikan sekaligus pada orang dewasa bingung berpikir kesedihan atau mudah marah yang tahan lama tinggi dan rendah dalam suasana hati ketakutan yang berlebihan mengkhawatirkan atau kecemasan penarikan sosial perubahan dramatis dalam kebiasaan makan atau tidur perasaan marah yang kuat delusi atau halusinasi melihat atau mendengar hal hal yang tidak benar benar ada meningkatkan ketidakmampuan untuk mengatasi masalah dan kegiatan sehari hari pikiran bunuh diri penolakan masalah yang jelas banyak masalah fisik yang tidak dapat dijelaskan penyalahgunaan narkoba dan atau alkohol pada anak yang lebih besar dan pra remaja penyalahgunaan narkoba dan atau alkohol ketidakmampuan untuk mengatasi masalah dan aktivitas sehari hari perubahan kebiasaan tidur dan atau makan keluhan masalah fisik yang berlebihan menentang otoritas melewatkan sekolah mencuri atau merusak properti ketakutan yang intens untuk menambah berat badan suasana hati negatif yang tahan lama seringkali bersama dengan nafsu makan yang buruk dan pikiran mati ledakan kemarahan yang sering pada anak kecil perubahan kinerja sekolah nilai yang buruk meskipun ada upaya kuat kekhawatiran atau kecemasan yang berlebihan hiperaktif mimpi buruk yang gigih ketidaktaatan yang terus menerus dan atau perilaku agresif tantrum temperamen yang sering terjadi
Apa manfaat olahraga untuk kesehatan mental?,kita semua memiliki kesehatan mental yang terdiri dari keyakinan pikiran perasaan dan perilaku kita 
Bagaimana cara mengatasi stres sehari-hari?,sementara banyak orang memikirkan kesedihan dalam hal kehilangan seseorang atau hewan peliharaan kesedihan dapat muncul setiap kali anda kehilangan sesuatu yang penting ini termasuk kehilangan keamanan seperti kehilangan pekerjaan atau bertanya tanya berapa lama anda dapat membayar sewa kehilangan stabilitas atau rutinitas seperti menemukan diri anda bekerja dari rumah atau menavigasi penutupan pengasuhan anak kehilangan rasa aman anda seperti takut anda atau seseorang yang anda cintai mungkin berakhir dengan covid   kehilangan hubungan sosial anda seperti kehilangan waktu dengan keluarga dan teman sekarang karena setiap orang harus berlatih menjauhkan fisik atau isolasi diri kehilangan harapan untuk masa depan seperti perasaan bahwa hidup tidak akan pernah kembali normal kehilangan tujuan penting seperti menemukan kelas kompetisi olahraga atau pertunjukan anda dibatalkan untuk masa mendatang kehilangan perayaan tonggak penting seperti upacara kelulusan dan pernikahan kesedihan memunculkan perasaan yang rumit anda mungkin merasa sedih marah frustrasi takut atau putus asa anda mungkin mengalami kesulitan makan atau tidur atau merasa sangat tegang anda mungkin merasa kewalahan dan lelah anda mungkin bertanya tanya apakah hidup akan terasa normal lagi semua orang berduka dengan cara mereka sendiri dan waktu mereka sendiri berikut adalah beberapa strategi untuk dicoba saat anda menavigasi perjalanan anda sendiri mengakui dan mengekspresikan perasaan anda dengan cara yang sehat berikan nama anda nama dan temukan cara sehat untuk mengekspresikannya seperti dengan berbicara dengan teman menulis di jurnal atau membuat seni beri diri anda waktu sebanyak yang anda butuhkan kesedihan mengikuti jadwalnya sendiri beri diri anda izin untuk menggunakan waktu ini untuk mengurus kesejahteraan anda lepaskan harapan tugas atau kewajiban lain yang bisa menunggu mencari dukungan kesedihan bisa terasa sangat terisolasi meskipun banyak orang mengalami semacam kerugian saat ini jangkau teman atau keluarga dan bagikan perasaan anda cari cara untuk membantu dan mendukung satu sama lain jaga dirimu mengabaikan kesehatan dan kesejahteraan dapat membuat pengalaman sulit terasa lebih buruk makan sebaik mungkin cobalah untuk tidur cukup habiskan waktu di luar jika aman bagi anda untuk melakukannya dan berolahraga secara teratur pikirkan tentang kegiatan perawatan diri atau strategi yang telah membantu anda mengatasi situasi yang menantang di masa lalu dan meluangkan waktu untuk kegiatan tersebut ketahuilah bahwa perasaan kesedihan akan berlalu kesedihan mungkin terasa kuat pada waktu waktu tertentu tetapi perasaan itu akan menjadi lebih mudah dikelola dari waktu ke waktu dan pada akhirnya akan berlalu terhubung dengan profesional kesehatan mental jika anda mengalami kesulitan jika anda mengalami kesulitan menjalani hari itu mengatasi dengan cara yang tidak sehat atau mengalami kesulitan mengelola pikiran atau perasaan yang sulit itu ide yang baik untuk mencari bantuan dari seorang profesional seperti psikolog atau penasihat banyak yang ditawarkan secara online atau janji telepon untuk mencari bantuan untuk semua orang bc psychological association temukan psikolog terdaftar di www psychologists bc ca find_psychologist bc association of clinical counselors temukan penasihat klinis terdaftar di bc counsellors org bc line dukungan kesehatan mental hubungi     tidak ada kode area untuk belajar tentang layanan di daerah anda atau hanya untuk berbicara dengan seseorang sekarang untuk kaum muda telepon bantuan anak bicaralah dengan seorang penasihat di         atau mengobrol di kidshelpphone ca tersedia     pengecoran hubungi kantor pengecoran setempat anda di foundrybc ca untuk foundy virtual dan informasi tentang sumber daya lokal untuk remaja usia     youth in bc mengobrol dengan responden garis krisis di youthinbc com tersedia setiap hari mulai siang     pagi ketidaknyamanan yang anda rasakan adalah kesedihan di harvard business review di hbr org     that discomfort youre feeling is grief berduka dari asosiasi kesehatan mental kanada di cmha ca documents grieving mengatasi kesedihan dan kehilangan dari pikiran anda di mindyourmind ca wellness coping grief and ands
Apakah terapi psikologis efektif untuk masalah mental?,seringkali lebih realistis dan bermanfaat untuk mengetahui apa yang membantu dengan masalah yang anda hadapi berbicara konseling obat obatan persahabatan olahraga tidur nyenyak dan nutrisi dan pekerjaan yang bermakna semuanya bisa membantu 
Apa yang dapat dilakukan untuk meningkatkan kesehatan mental di tempat kerja?,masalah kesehatan mental adalah masalah serius pada usia berapa pun dan semua orang layak mendapatkan bantuan dan dukungan jika anda khawatir tentang kesehatan mental anda anda dapat bicaralah dengan dokter keluarga anda atau pergi ke klinik walk in hubungi jalur dukungan kesehatan mental di     tidak ada kode area untuk informasi tentang layanan di daerah anda temukan pusat atau program kesehatan mental lokal anda di www gov bc ca mentalhealth anda mungkin memerlukan rujukan dokter untuk mengakses beberapa program temukan cabang asosiasi kesehatan mental lokal anda di www cmha bc ca dan minta informasi tentang layanan lokal hubungi organisasi dukungan atau kelompok senior lokal dan minta nasihat anda dapat mencari organisasi di www bc  ca untuk informasi umum tentang kesehatan mental senior temukan sumber daya dari koalisi kanada untuk kesehatan mental lansia di www ccsmh ca temukan lembar info di seri senior dan depresi di www heretohelp bc ca factsheet seniors and series series jika anda khawatir tentang orang yang dicintai jujurlah tentang kekhawatiran anda seperti perubahan yang anda perhatikan atau masalah yang muncul beri orang yang anda cintai kesempatan untuk berbicara tentang perspektif mereka mereka mungkin memiliki masalah yang berbeda atau memiliki prioritas yang berbeda dalam perawatan kesehatan mereka bersabarlah mungkin akan membutuhkan lebih dari satu percakapan bilamana memungkinkan bertujuan untuk kerja sama fokus pada menemukan tindakan atau solusi yang dapat disetujui semua orang ingatlah bahwa meminta bantuan itu sulit bagi banyak dari kita dan itu bisa lebih sulit ketika peran dan kemampuan orang berubah jika orang yang anda cintai tidak mau membicarakan pengalaman mereka dengan anda segera tawarkan alternatif seperti bc mental health support line     tidak ada kode area yang diperlukan garis distress senior       atau atau organisasi dukungan senior lokal cari organisasi di www bc  ca cari dukungan untuk mengelola harapan anda dan kesejahteraan anda sendiri sangat menegangkan melihat orang yang dicintai mengalami masalah kesehatan tetapi orang dewasa yang dapat merawat diri sendiri dan tidak berisiko bahaya bebas untuk membuat pilihan sendiri dan itu termasuk bantuan menolak
Bagaimana cara mendukung teman yang sedang mengalami krisis mental?,ini mungkin tergantung pada hubungan anda dengan mereka dengan lembut mendorong seseorang untuk mencari dukungan yang tepat akan membantu untuk memulai 
Apa peran nutrisi dalam mendukung kesehatan mental?,kita semua memiliki kesehatan mental yang terdiri dari keyakinan pikiran perasaan dan perilaku kita 
Apakah tidur yang cukup berpengaruh pada kesehatan mental?,seringkali lebih realistis dan bermanfaat untuk mengetahui apa yang membantu dengan masalah yang anda hadapi berbicara konseling obat obatan persahabatan olahraga tidur nyenyak dan nutrisi dan pekerjaan yang bermakna semuanya bisa membantu 
Bagaimana cara menjaga keseimbangan kesehatan mental?,merawat kesehatan fisik anda juga baik untuk kesehatan mental anda lebih penting dari sebelumnya untuk menjaga diri anda tetap sehat cobalah makan sebaik mungkin mungkin lebih mudah untuk meraih makanan dan makanan ringan yang tidak sehat saat anda menghabiskan lebih banyak waktu di rumah tetapi cobalah untuk menjaga pendekatan yang seimbang saat anda menyimpan bahan makanan jangan abaikan buah dan sayuran segar kami masih memiliki semua yang kami butuhkan untuk menyiapkan makanan sekarang kami disarankan untuk membatasi jumlah waktu yang kami habiskan di ruang publik seperti toko kelontong ini adalah waktu yang tepat untuk mencoba buah buahan dan sayuran baru yang tetap di rumah untuk waktu yang lebih lama jika lebih aman bagi anda untuk tinggal di rumah atau anda dalam isolasi diri jangkau bantuan banyak toko kelontong dan layanan persiapan makanan menawarkan pengiriman yang aman dan tidak kontak anda juga dapat meminta keluarga atau teman untuk membawakan anda bahan makanan atau mencari kelompok pendukung covid   lokal di media sosial paling aman jika orang lain meninggalkan makanan dan persediaan lain di luar pintu anda untuk menghindari penyebaran virus olahraga adalah bagian penting dari kesehatan mental dan kesejahteraan manajemen stres dan tidur kesehatan namun itu adalah sesuatu yang banyak orang berikan ketika mereka mulai merasa stres atau kewalahan jika aman bagi anda untuk melakukannya habiskan waktu di luar anda masih harus menghindari area atau kelompok yang sibuk dan tinggal setidaknya dua meter dari yang lain tetapi tidak ada alasan untuk menghindari berjalan berlari atau kegiatan luar ruangan yang aman lainnya jika anda lebih suka berolahraga di dalam ruangan anda juga dapat menemukan banyak kelas latihan berbeda secara online anda dapat mencoba yoga mengikuti kelas barre mengerjakan cardio anda mengambil rutinitas dumbbell baru dan mengikuti wod crossfit dari kenyamanan ruang tamu anda cari rutinitas atau kelas latihan tanpa peralatan jika anda belum memiliki peralatan tidur yang buruk dapat membuat masalah sederhana terasa jauh lebih buruk daripada yang sebenarnya tidur yang buruk dapat memengaruhi suasana hati anda pandangan anda dan kesabaran anda sayangnya stres dan kecemasan dapat benar benar berdampak pada tidur anda jika anda mengalami kesulitan tidur jadilah proaktif dan latih kebiasaan tidur yang sehat untuk lebih lanjut lihat modul wellness   mendapatkan tidur malam yang nyenyak di www heretohelp bc ca wellness module wellness module   getting good nights sleep jika anda memiliki masalah kesehatan lain seperti penyakit kronis periksa dengan dokter atau tim perawatan kesehatan anda untuk melihat apakah anda perlu mengambil tindakan atau tindakan pencegahan tambahan ingatlah untuk merencanakan ke depan dan melakukan apa yang anda bisa untuk menyimpan resep atau obat bebas persediaan medis suplemen atau kebutuhan kesehatan lainnya 
